{
	"description": "项目配置文件。",
	"setting": {
		"urlCheck": false,
		"es6": true,
		"postcss": true,
		"minified": true,
		"newFeature": true
	},
	"compileType": "miniprogram",
	"libVersion": "1.6.6",
	"appid": "wx55d444c38cbcd261",
	"projectname": "%E7%94%B7%E6%80%A7%E6%80%A7%E5%8A%9F%E8%83%BD%E6%B2%BB%E7%96%97%E4%BB%AA--%E7%94%B5%E5%95%86%E6%A8%A1%E6%9D%BF",
	"condition": {
		"search": {
			"current": -1,
			"list": []
		},
		"conversation": {
			"current": -1,
			"list": []
		},
		"miniprogram": {
			"current": -1,
			"list": []
		}
	}
}