{
	"description": "项目配置文件。",
	"setting": {
		"urlCheck": false,
		"es6": true,
		"postcss": true,
		"minified": true,
		"newFeature": true
	},
	"compileType": "miniprogram",
	"libVersion": "1.6.6",
	"appid": "wx13746b04c2c0eedd",
	"projectname": "%E6%9A%97%E6%81%8B%E5%B0%8F%E7%A8%8B%E5%BA%8F%E4%BF%AE%E6%94%B9%E7%89%88",
	"condition": {
		"search": {
			"current": -1,
			"list": []
		},
		"conversation": {
			"current": -1,
			"list": []
		},
		"miniprogram": {
			"current": -1,
			"list": []
		}
	}
}