{
	"description": "项目配置文件。",
	"setting": {
		"urlCheck": false,
		"es6": true,
		"postcss": true,
		"minified": true,
		"newFeature": true
	},
	"compileType": "miniprogram",
	"libVersion": "1.6.0",
	"appid": "wx283fcc0ee6743fb4",
	"projectname": "%E5%B0%8F%E8%87%B3%E7%AE%A1%E5%AE%B6",
	"condition": {
		"search": {
			"current": -1,
			"list": []
		},
		"conversation": {
			"current": -1,
			"list": []
		},
		"miniprogram": {
			"current": 0,
			"list": [
				{
					"id": -1,
					"name": "转发测试",
					"pathName": "pages/index/index",
					"query": "",
					"scene": "1044",
					"shareInfo": {
						"groupName": "测试模拟群1",
						"shareName": "rFF3o_9M4Shh6wsgv4l6XlFOSRoTvztJcPvb0Dv4fH0@cr4dev",
						"shareKey": "2HMd7fVsMX2pQhn0TEC3uvIVCpgqUVj-UY5GPZzLM13w0TO3uhnvp7tQa8ieOnIhmftq0k4j1AqOOMXQBoxk2w~~"
					}
				}
			]
		}
	}
}