﻿<?xml version="1.0" encoding="utf-8" ?>
<player>
  <name>oc6zzs1y_A_7RgGi6EGLBUrPCfRk</name>
  <name>oc6zzs_ydxddmVSuAt-QKslyxtcU</name>
  <name>oc6zzs8tquZtbQpTwdfjL2iPO8A0</name>
  <name>oc6zzsxPeBgw6YwTfx7tDaUDYLg8</name>
  <name>oc6zzs-LAMEGtTIFA3RJuXcVWYFM</name>
  <name>oc6zzs0UmAugiZ1n_DyLL8dMb4Qw</name>
  <name>oc6zzs2ILYIukIiFsa8GjQo1mQYY</name>
  <name>oc6zzs0IEa49ASsb2mtVdqy4NzRw</name>
  <name>oc6zzswh64UXKqMdmhCqGBrBpe9k</name>
  <name>oc6zzs2AajD0C4FClFvDszY1aQS4</name>
</player>